﻿<?xml version="1.0" encoding="UTF-8"?>
<set>
    <!-- crMax="高于开盘价的颜色" crMin="低于于开盘价的颜色" crMaxEx="低于设置的最高价的颜色" crMinEx="低于设置最低价的颜色"
	<color crMax="255,0,0" crMin="0,255,0" crMaxEx="173,39,38" crMinEx="66,138,58" Brokerage="佣金"/>  
    
	-->
    <color crMax="227,23,13" crMin="0,128,0" crMaxEx="178,34,34" crMinEx="12,18,24" Brokerage="0.00025"/> 
	
	<!--IsShowInfo 是否显示涨停跌停信息 0 不显示 1 显示
	2017年4月14日号新增 要是不设置默认是 1  要鼠标移动到相应的股票上 显示跌涨停信息-->
    <Other IsShowInfo="1"/> 
	
	<ShortKey>
		<!-- 说明SS = shift CC = Ctrl AA = Alt   <  > ∧ ∨ 这四个代表方向键 
		2017年4月17日号新增  要是不设置默认的快捷键是下面预设的-->

		<!--按ctrl + shift + 1显示隐藏界面-->
		<key id="1"  key = "CC+SS+1" desc="显示隐藏界面" />
		<!--按ctrl + shift + 2 设置取消鼠标穿透-->
		<key id="2"  key = "CC+SS+2" desc="设置取消鼠标穿透" />
		<!--按ctrl + shift + R 重新加载配置-->
		<key id="3"  key = "CC+SS+R" desc="重新加载配置" />
		<!--按ctrl + shift + S 显示隐藏总收益(伸缩窗口)-->
		<key id="4"  key = "CC+SS+S" desc="显示隐藏总收益(伸缩窗口)" />
		<!--按ctrl + shift + < (> ) 降低(提高)窗口透明度-->
		<key id="5"  key = "CC+SS+<" desc="降低窗口透明度" />
		<key id="6"  key = "CC+SS+>" desc="提高窗口透明度" />
		<!--按ctrl + shift + alt + x  退出软件-->
		<key id="7"  key = "CC+SS+AA+X" desc="退出软件" />
		<!--按ctrl + shift + Q  显示隐藏涨停提示界面-->
		<key id="8"  key = "CC+SS+Q" desc="显示隐藏涨停提示界面" />
	</ShortKey>
	
	
    <stock>
		<item NO="002743">
            <Price p="15.60" count="100" time="2017-04-12"/>
            <Price p="15.59" count="100" time="2017-04-13"/>
        </item>
        <item NO="600664"/>
		<item NO="sh600074"/>
		<item NO="600088"/> 
		<item NO="sz399001" comment="深证成指" /> 
        <item NO="sh000001" comment="上证指数"/> 
     <!-- 
		<item NO="002437" Min="8.28" Max="8.45" />
		<item NO="sz399001" comment="深证成指" /> 
        <item NO="sh000001" comment="上证指数"/> 
        <item NO="sh000300" comment="沪深300"/> 
        <item NO="sz399005" comment="中小板指"/> 
        <item NO="sz399006" comment="创业板指"/> 
        <item NO="sh000003" comment="B股指数"/>  
		-->
    </stock>
</set>